-- MySQL dump 10.13  Distrib 5.6.28, for debian-linux-gnu (x86_64)
--
-- Host: localhost    Database: online_shop
-- ------------------------------------------------------
-- Server version	5.6.28-0ubuntu0.15.04.1

/*!40101 SET @OLD_CHARACTER_SET_CLIENT=@@CHARACTER_SET_CLIENT */;
/*!40101 SET @OLD_CHARACTER_SET_RESULTS=@@CHARACTER_SET_RESULTS */;
/*!40101 SET @OLD_COLLATION_CONNECTION=@@COLLATION_CONNECTION */;
/*!40101 SET NAMES utf8 */;
/*!40103 SET @OLD_TIME_ZONE=@@TIME_ZONE */;
/*!40103 SET TIME_ZONE='+00:00' */;
/*!40014 SET @OLD_UNIQUE_CHECKS=@@UNIQUE_CHECKS, UNIQUE_CHECKS=0 */;
/*!40014 SET @OLD_FOREIGN_KEY_CHECKS=@@FOREIGN_KEY_CHECKS, FOREIGN_KEY_CHECKS=0 */;
/*!40101 SET @OLD_SQL_MODE=@@SQL_MODE, SQL_MODE='NO_AUTO_VALUE_ON_ZERO' */;
/*!40111 SET @OLD_SQL_NOTES=@@SQL_NOTES, SQL_NOTES=0 */;

--
-- Table structure for table `customers`
--

DROP TABLE IF EXISTS `customers`;
/*!40101 SET @saved_cs_client     = @@character_set_client */;
/*!40101 SET character_set_client = utf8 */;
CREATE TABLE `customers` (
  `id` int(11) NOT NULL AUTO_INCREMENT,
  `firstname` varchar(45) DEFAULT NULL,
  `lastname` varchar(45) DEFAULT NULL,
  `registered` timestamp NOT NULL DEFAULT CURRENT_TIMESTAMP ON UPDATE CURRENT_TIMESTAMP,
  `birthdate` date NOT NULL,
  `phone` varchar(45) DEFAULT NULL,
  `city` varchar(45) DEFAULT NULL,
  `street` varchar(45) DEFAULT NULL,
  `postal` varchar(45) DEFAULT NULL,
  `email` varchar(45) DEFAULT NULL,
  `active` int(11) DEFAULT NULL,
  `deleted` datetime DEFAULT NULL,
  `pwd` varchar(100) DEFAULT NULL,
  `activationcode` varchar(45) DEFAULT NULL,
  PRIMARY KEY (`id`)
) ENGINE=InnoDB AUTO_INCREMENT=63 DEFAULT CHARSET=latin1;
/*!40101 SET character_set_client = @saved_cs_client */;

--
-- Dumping data for table `customers`
--

LOCK TABLES `customers` WRITE;
/*!40000 ALTER TABLE `customers` DISABLE KEYS */;
INSERT INTO `customers` VALUES (1,'Juergen','Erickson','2018-01-09 10:29:47','1987-09-21','49034185','Leipzig','Friedrichstrasse 13','12958','jan.schulz@devugees.org1',0,NULL,'halloworld',NULL),(2,'Monika','Brueckner','2018-01-09 10:29:47','1970-09-09','49160504','Erfurt','Hauptstrasse 35','17676','jan.schulz@devugees.org2',1,NULL,'halloworld',NULL),(3,'Paul','Erickson','2018-01-09 10:29:47','1987-09-24','49945098','Dortmund','Fegenweg 23','19229','jan.schulz@devugees.org3',0,NULL,'halloworld',NULL),(4,'Peter','Wolta','2018-01-09 10:29:47','1978-12-13','49829711','Dortmund','Bornholmer Strasse 48','15627','jan.schulz@devugees.org4',0,NULL,'halloworld',NULL),(5,'Katarina','Pechstein','2018-01-09 10:29:47','1974-09-29','49691059','Koeln','Fegenweg 52','18716','jan.schulz@devugees.org5',0,NULL,'halloworld',NULL),(6,'Ferdinand','Mueller','2018-01-09 10:29:47','1982-11-12','49048421','Muenchen','Bahnhofstrasse 69','11347','jan.schulz@devugees.org6',0,NULL,'halloworld',NULL),(7,'Anna','Oberbaum','2018-01-09 10:29:47','1986-10-26','49785464','Dortmund','Bornholmer Strasse 68','10569','jan.schulz@devugees.org7',0,NULL,'halloworld',NULL),(8,'Judith','Meier','2018-01-09 10:29:47','1976-09-30','49312371','Berlin','Fegenweg 42','10166','jan.schulz@devugees.org8',0,NULL,'halloworld',NULL),(9,'Ferdinand','Torres','2018-01-09 10:29:47','1990-10-24','49510488','Duesseldorf','Fegenweg 24','10712','jan.schulz@devugees.org9',0,NULL,'halloworld',NULL),(10,'Markus','Torres','2018-01-09 10:29:47','1981-12-14','49389585','Koeln','Bornholmer Strasse 36','10867','jan.schulz@devugees.org10',0,NULL,'halloworld',NULL),(11,'Achim','Schulz','2018-01-09 10:29:47','1991-12-30','49883124','Dortmund','Kottbusser Damm 73','18149','jan.schulz@devugees.org11',0,NULL,'halloworld',NULL),(12,'Julia','Schmidt','2018-01-09 10:29:47','1975-09-26','49152191','Koeln','Fegenweg 68','19206','jan.schulz@devugees.org12',0,NULL,'halloworld',NULL),(13,'Achim','Rudolf','2018-01-09 10:29:47','1970-09-13','49784637','Leipzig','Friedrichstrasse 89','19842','jan.schulz@devugees.org13',0,NULL,'halloworld',NULL),(14,'Anna','Wohlgefahrt','2018-01-09 10:29:47','1986-11-07','49768194','Koeln','Bornholmer Strasse 61','16075','jan.schulz@devugees.org14',0,NULL,'halloworld',NULL),(15,'Hannes','Drechsler','2018-01-09 10:29:47','1974-11-07','49100550','Duesseldorf','Ullsteinweg 93','19967','jan.schulz@devugees.org15',0,NULL,'halloworld',NULL),(16,'Paul','Wolta','2018-01-09 10:29:47','1980-09-24','49463360','Leipzig','Bahnhofstrasse 67','13577','jan.schulz@devugees.org16',0,NULL,'halloworld',NULL),(17,'Achim','Ziegler','2018-01-09 10:29:47','1970-10-12','49080440','Muenchen','Bornholmer Strasse 76','13472','jan.schulz@devugees.org17',0,NULL,'halloworld',NULL),(18,'Markus','Monser','2018-01-09 10:29:47','1980-11-25','49077298','Koeln','Bornholmer Strasse 51','16030','jan.schulz@devugees.org18',0,NULL,'halloworld',NULL),(19,'Ferdinand','Wohlgefahrt','2018-01-09 10:29:47','1988-10-17','49875138','Leipzig','Fegenweg 80','19462','jan.schulz@devugees.org19',0,NULL,'halloworld',NULL),(20,'Ulrike','Torres','2018-01-09 10:29:47','1982-11-05','49460793','Muenchen','Hauptstrasse 93','12081','jan.schulz@devugees.org20',0,NULL,'halloworld',NULL),(21,'Katarina','Wolta','2018-01-09 10:29:47','1989-12-08','49981008','Dortmund','Bornholmer Strasse 70','16737','jan.schulz@devugees.org21',0,NULL,'halloworld',NULL),(22,'Peter','Tischler','2018-01-09 10:29:47','1983-10-22','49310929','Dortmund','Hauptstrasse 56','11925','jan.schulz@devugees.org22',0,NULL,'halloworld',NULL),(23,'Anatol','Otto','2018-01-09 10:29:47','1988-11-09','49922444','Erfurt','Bornholmer Strasse 6','16035','jan.schulz@devugees.org23',0,NULL,'halloworld',NULL),(24,'Ferdinand','Mueller','2018-01-09 10:29:47','1988-11-28','49326416','Berlin','Ullsteinweg 85','15167','jan.schulz@devugees.org24',0,NULL,'halloworld',NULL),(25,'Ferdinand','Mueller','2018-01-09 10:29:47','1976-09-04','49922832','Koeln','Bornholmer Strasse 1','14674','jan.schulz@devugees.org25',0,NULL,'halloworld',NULL),(26,'Hannes','Oberbaum','2018-01-09 10:29:47','1974-11-28','49437395','Berlin','Bahnhofstrasse 52','13440','jan.schulz@devugees.org26',0,NULL,'halloworld',NULL),(27,'Judith','Erickson','2018-01-09 10:29:47','1972-09-06','49373362','Muenchen','Fegenweg 87','17781','jan.schulz@devugees.org27',0,NULL,'halloworld',NULL),(28,'Achim','Schmidt','2018-01-09 10:29:47','1989-11-15','49860569','Berlin','Fegenweg 39','11001','jan.schulz@devugees.org28',0,NULL,'halloworld',NULL),(29,'Kevin','Ziegler','2018-01-09 10:29:47','1977-12-16','49976601','Muenchen','Friedrichstrasse 99','12457','jan.schulz@devugees.org29',0,NULL,'halloworld',NULL),(30,'Barbara','Pechstein','2018-01-09 10:29:47','1986-10-08','49947142','Duesseldorf','Friedrichstrasse 87','19643','jan.schulz@devugees.org30',0,NULL,'halloworld',NULL),(31,'Paul','Tischler','2018-01-09 10:29:47','1980-11-08','49376409','Koeln','Bahnhofstrasse 84','17933','jan.schulz@devugees.org31',0,NULL,'halloworld',NULL),(32,'Achim','Wohlgefahrt','2018-01-09 10:29:47','1991-12-25','49105386','Muenchen','Fegenweg 16','19956','jan.schulz@devugees.org32',0,NULL,'halloworld',NULL),(33,'Paul','Schulz','2018-01-09 10:29:47','1990-10-10','49619759','Duesseldorf','Ullsteinweg 39','12175','jan.schulz@devugees.org33',0,NULL,'halloworld',NULL),(34,'Kristin','Wolta','2018-01-09 10:29:47','1991-12-11','49574550','Leipzig','Bahnhofstrasse 15','19845','jan.schulz@devugees.org34',0,NULL,'halloworld',NULL),(35,'Peter','Torres','2018-01-09 10:29:47','1975-09-08','49243822','Leipzig','Hauptstrasse 21','11374','jan.schulz@devugees.org35',0,NULL,'halloworld',NULL),(36,'Achim','Rudolf','2018-01-09 10:29:47','1971-10-17','49827562','Dortmund','Bundesalle 60','10798','jan.schulz@devugees.org36',0,NULL,'halloworld',NULL),(37,'Ulrike','Brueckner','2018-01-09 10:29:47','1988-09-29','49936883','Erfurt','Bundesalle 70','10403','jan.schulz@devugees.org37',0,NULL,'halloworld',NULL),(38,'Hans','Tischler','2018-01-09 10:29:47','1973-11-15','49337333','Duesseldorf','Hauptstrasse 55','11413','jan.schulz@devugees.org38',0,NULL,'halloworld',NULL),(39,'Anna','Schulz','2018-01-09 10:29:47','1985-11-18','49699513','Muenchen','Friedrichstrasse 67','13261','jan.schulz@devugees.org39',0,NULL,'halloworld',NULL),(40,'Hans','Drechsler','2018-01-09 10:29:47','1978-12-26','49158467','Erfurt','Fegenweg 3','10880','jan.schulz@devugees.org40',0,NULL,'halloworld',NULL),(41,'Lorenz','Mueller','2018-01-09 10:29:47','1990-09-15','49834767','Koeln','Ullsteinweg 97','10378','jan.schulz@devugees.org41',0,NULL,'halloworld',NULL),(42,'Jens','Drechsler','2018-01-09 10:29:47','1987-12-20','49026885','Duesseldorf','Hauptstrasse 14','15198','jan.schulz@devugees.org42',0,'2017-12-18 13:18:09','halloworld',NULL),(43,'Johnathan','Monser','2018-01-09 10:29:47','1988-11-08','49859521','Duesseldorf','Ullsteinweg 66','11905','jan.schulz@devugees.org43',0,NULL,'halloworld',NULL),(45,'Jens','Mueller','2018-01-09 10:29:47','1975-12-19','49195804','Koeln','Kottbusser Damm 47','14177','jan.schulz@devugees.org45',0,NULL,'halloworld',NULL),(46,'Ulrike','Rudolf','2018-01-09 10:29:47','1981-09-23','49230307','Berlin','Ullsteinweg 59','14879','jan.schulz@devugees.org46',0,NULL,'halloworld',NULL),(47,'Joachim','Torres','2018-01-09 10:29:47','1975-12-30','49794477','Koeln','Friedrichstrasse 91','14390','jan.schulz@devugees.org47',0,NULL,'halloworld',NULL),(48,'Paul','Meier','2018-01-09 10:29:47','1980-10-30','49877465','Koeln','Kottbusser Damm 53','16911','jan.schulz@devugees.org48',0,NULL,'halloworld',NULL),(49,'Markus','Otto','2018-01-09 10:29:47','1971-12-28','49706433','Muenchen','Kottbusser Damm 14','18087','jan.schulz@devugees.org49',0,NULL,'halloworld',NULL),(50,'Stefan','Mueller','2018-01-09 10:29:47','1988-09-30','49152783','Leipzig','Hauptstrasse 77','16736','jan.schulz@devugees.org50',0,NULL,'halloworld',NULL),(51,'Andrea','Schmitt','2018-01-09 10:29:47','1990-02-01','49173947739','Berlin','Hauptstrasse 1',NULL,'jan.schulz@devugees.org51',NULL,NULL,'halloworld',NULL),(52,'Jan','Schulz','2018-01-09 10:29:47','1985-09-20','491733579330','Berlin','Kiautschoustr. 9',NULL,'jan.schulz@devugees.org52',NULL,NULL,'halloworld',NULL),(53,'Jan','Schulz','2018-01-09 10:29:47','1985-09-20','491733579330','Berlin','Kiautschoustr. 9',NULL,'jan.schulz@devugees.org53',NULL,NULL,'halloworld',NULL),(56,'A','B','2018-01-16 09:25:14','2017-09-12','123467','Berlin','Teststreet 10','12345','jan.schulz@cileria.com123',1,NULL,'foobar','zoyKmc0whXtgPWYHrCdx'),(62,'Alfred','Mueller','2018-01-16 12:33:18','2018-01-08','12345678','Berlin','Bahnhofstrasse 1','12345','jan.schulz@cileria.com',1,NULL,'$2a$10$je0z/zRpxkkcziN6jjwntOLpozTixP2uan8PsRRSrzk/d9DjPxg/i','EM5fV0v82V2Iyz1EL7Lg');
/*!40000 ALTER TABLE `customers` ENABLE KEYS */;
UNLOCK TABLES;

--
-- Table structure for table `order_details`
--

DROP TABLE IF EXISTS `order_details`;
/*!40101 SET @saved_cs_client     = @@character_set_client */;
/*!40101 SET character_set_client = utf8 */;
CREATE TABLE `order_details` (
  `id` int(11) NOT NULL AUTO_INCREMENT,
  `order_id` int(11) NOT NULL,
  `product_id` int(11) NOT NULL,
  `price` int(11) NOT NULL,
  PRIMARY KEY (`id`)
) ENGINE=InnoDB AUTO_INCREMENT=191 DEFAULT CHARSET=latin1;
/*!40101 SET character_set_client = @saved_cs_client */;

--
-- Dumping data for table `order_details`
--

LOCK TABLES `order_details` WRITE;
/*!40000 ALTER TABLE `order_details` DISABLE KEYS */;
INSERT INTO `order_details` VALUES (1,0,18,1350),(2,1,16,1150),(3,1,13,850),(4,1,5,450),(5,2,19,1450),(6,2,9,550),(7,3,12,750),(8,4,8,450),(9,5,12,750),(10,5,10,650),(11,5,11,750),(12,6,6,550),(13,6,4,350),(14,7,22,1750),(15,7,19,1450),(16,8,5,450),(17,8,20,1550),(18,9,23,1850),(19,9,5,450),(20,10,21,1650),(21,11,6,550),(22,11,8,450),(23,11,19,1450),(24,12,12,750),(25,12,10,650),(26,13,21,1650),(27,14,0,500),(28,15,17,1250),(29,15,20,1550),(30,16,6,550),(31,16,13,850),(32,16,18,1350),(33,17,9,550),(34,17,16,1150),(35,18,9,550),(36,18,0,500),(37,18,13,850),(38,19,3,800),(39,19,8,450),(40,20,8,450),(41,20,0,500),(42,20,20,1550),(43,21,7,650),(44,22,14,950),(45,23,14,950),(46,24,0,500),(47,25,1,600),(48,25,12,750),(49,25,18,1350),(50,26,23,1850),(51,26,16,1150),(52,26,10,650),(53,27,22,1750),(54,27,18,1350),(55,28,16,1150),(56,28,8,450),(57,28,6,550),(58,29,15,1050),(59,30,19,1450),(60,30,7,650),(61,30,18,1350),(62,31,6,550),(63,31,14,950),(64,32,13,850),(65,32,9,550),(66,32,10,650),(67,33,12,750),(68,34,1,600),(69,34,18,1350),(70,35,15,1050),(71,35,7,650),(72,36,11,750),(73,36,1,600),(74,36,5,450),(75,37,17,1250),(76,37,18,1350),(77,38,12,750),(78,38,21,1650),(79,39,21,1650),(80,40,22,1750),(81,40,6,550),(82,41,21,1650),(83,41,5,450),(84,41,12,750),(85,42,15,1050),(86,42,9,550),(87,43,19,1450),(88,43,13,850),(89,44,2,700),(90,44,22,1750),(91,45,4,350),(92,45,7,650),(93,46,8,450),(94,47,7,650),(95,47,18,1350),(96,47,4,350),(97,48,0,500),(98,48,19,1450),(99,48,13,850),(100,49,13,850),(101,49,21,1650),(102,50,10,650),(103,51,12,750),(104,52,6,550),(105,52,21,1650),(106,53,11,750),(107,53,10,650),(108,54,18,1350),(109,55,5,450),(110,55,5,450),(111,56,12,750),(112,57,3,800),(113,58,16,1150),(114,58,10,650),(115,59,7,650),(116,60,5,450),(117,61,1,600),(118,62,14,950),(119,63,22,1750),(120,63,10,650),(121,63,14,950),(122,64,15,1050),(123,64,4,350),(124,64,12,750),(125,65,6,550),(126,65,7,650),(127,65,18,1350),(128,66,9,550),(129,67,20,1550),(130,67,15,1050),(131,68,15,1050),(132,68,8,450),(133,68,12,750),(134,69,14,950),(135,69,15,1050),(136,70,20,1550),(137,70,17,1250),(138,71,11,750),(139,71,17,1250),(140,72,0,500),(141,73,5,450),(142,74,23,1850),(143,75,15,1050),(144,75,4,350),(145,75,6,550),(146,76,15,1050),(147,76,20,1550),(148,77,18,1350),(149,77,4,350),(150,77,23,1850),(151,78,17,1250),(152,79,7,650),(153,80,7,650),(154,80,20,1550),(155,81,13,850),(156,82,15,1050),(157,83,2,700),(158,84,13,850),(159,84,4,350),(160,0,9,550),(161,87,1,600),(162,87,1,600),(163,87,1,600),(164,87,2,700),(165,90,6,550),(166,90,7,650),(167,91,7,650),(168,91,6,550),(169,91,9,550),(170,92,1,600),(171,92,0,500),(172,92,3,800),(173,92,4,350),(174,93,0,500),(175,93,1,600),(176,93,4,350),(177,96,1,600),(178,96,0,500),(179,96,3,800),(180,97,1,600),(181,97,0,500),(182,98,1,600),(183,98,0,500),(184,98,3,800),(185,99,4,350),(186,100,7,650),(187,101,1,600),(188,101,4,350),(189,102,1,600),(190,102,4,350);
/*!40000 ALTER TABLE `order_details` ENABLE KEYS */;
UNLOCK TABLES;

--
-- Table structure for table `orders`
--

DROP TABLE IF EXISTS `orders`;
/*!40101 SET @saved_cs_client     = @@character_set_client */;
/*!40101 SET character_set_client = utf8 */;
CREATE TABLE `orders` (
  `id` int(11) NOT NULL AUTO_INCREMENT,
  `customer_id` int(11) NOT NULL,
  `created` timestamp NOT NULL DEFAULT CURRENT_TIMESTAMP ON UPDATE CURRENT_TIMESTAMP,
  `paid` timestamp NULL DEFAULT NULL,
  `payment_id` int(11) DEFAULT NULL,
  PRIMARY KEY (`id`)
) ENGINE=InnoDB AUTO_INCREMENT=103 DEFAULT CHARSET=latin1;
/*!40101 SET character_set_client = @saved_cs_client */;

--
-- Dumping data for table `orders`
--

LOCK TABLES `orders` WRITE;
/*!40000 ALTER TABLE `orders` DISABLE KEYS */;
INSERT INTO `orders` VALUES (1,3,'2012-01-30 15:39:24',NULL,NULL),(2,3,'2011-11-30 15:39:24','2011-12-02 15:40:25',NULL),(3,4,'2013-10-28 22:05:28','2013-11-03 22:05:46',NULL),(4,4,'2013-09-28 21:05:28',NULL,NULL),(5,6,'2012-01-31 22:17:59','2012-02-11 22:18:54',NULL),(6,6,'2012-07-31 21:17:59','2012-08-11 21:18:40',NULL),(7,6,'2012-05-31 21:17:59','2012-06-01 21:19:23',NULL),(8,7,'2011-01-31 15:15:07','2011-02-09 15:16:21',NULL),(9,8,'2011-10-31 21:31:18','2011-11-09 21:33:16',NULL),(10,8,'2012-07-31 20:31:18','2012-08-13 20:32:19',NULL),(11,9,'2010-10-31 18:19:37','2010-11-09 18:21:14',NULL),(12,9,'2010-11-30 18:19:37','2010-11-30 18:21:20',NULL),(13,9,'2010-12-31 18:19:37',NULL,NULL),(14,10,'2011-01-30 22:22:15','2011-02-04 22:22:35',NULL),(15,11,'2011-02-28 17:16:09','2011-03-04 17:17:24',NULL),(16,12,'2011-04-30 19:51:54','2011-05-05 19:53:46',NULL),(17,12,'2011-08-30 19:51:54','2011-09-06 19:53:15',NULL),(18,12,'2011-08-30 19:51:54','2011-09-07 19:53:23',NULL),(19,13,'2012-03-30 21:57:18',NULL,NULL),(20,13,'2012-01-30 22:57:18','2012-02-11 22:58:13',NULL),(21,14,'2014-01-30 19:41:08','2014-02-05 19:41:34',NULL),(22,14,'2013-10-30 19:41:08','2013-10-31 19:42:27',NULL),(23,15,'2011-09-28 21:05:07','2011-10-05 21:05:16',NULL),(24,15,'2011-05-28 21:05:07','2011-06-08 21:05:59',NULL),(25,16,'2011-04-30 18:40:58','2011-05-13 18:41:02',NULL),(26,16,'2010-08-31 18:40:58','2010-09-02 18:42:19',NULL),(27,17,'2012-06-30 17:05:43','2012-07-12 17:06:40',NULL),(28,17,'2011-09-30 17:05:43','2011-10-03 17:07:05',NULL),(29,17,'2011-09-30 17:05:43',NULL,NULL),(30,18,'2011-05-30 14:26:41','2011-05-30 14:27:43',NULL),(31,19,'2013-11-30 16:34:47','2013-12-05 16:35:06',NULL),(32,19,'2013-11-30 16:34:47','2013-12-03 16:34:51',NULL),(33,19,'2013-12-31 16:34:47',NULL,NULL),(34,20,'2010-08-30 21:20:45','2010-09-01 21:22:11',NULL),(35,20,'2010-09-30 21:20:45','2010-10-02 21:20:57',NULL),(36,22,'2012-07-30 21:38:53','2012-08-05 21:39:06',NULL),(37,22,'2013-03-30 22:38:53','2013-04-02 21:39:57',NULL),(38,22,'2012-07-30 21:38:53','2012-07-30 21:40:14',NULL),(39,23,'2013-08-31 16:19:27','2013-09-02 16:19:54',NULL),(40,23,'2013-11-30 17:19:27','2013-12-08 17:19:32',NULL),(41,23,'2013-07-31 16:19:27','2013-08-06 16:19:51',NULL),(42,24,'2010-02-28 16:57:06','2010-03-05 16:57:30',NULL),(43,24,'2010-07-31 15:57:06','2010-08-07 15:57:35',NULL),(44,24,'2010-04-30 15:57:06','2010-05-11 15:57:51',NULL),(45,25,'2014-01-30 20:11:18','2014-02-04 20:12:31',NULL),(46,27,'2011-04-30 20:08:00','2011-05-10 20:09:49',NULL),(47,27,'2012-01-30 21:08:00','2012-02-08 21:09:39',NULL),(48,28,'2012-11-30 16:58:54',NULL,NULL),(49,29,'2013-01-31 22:36:14','2013-02-11 22:36:21',NULL),(50,29,'2013-07-31 21:36:14','2013-08-05 21:37:44',NULL),(51,29,'2013-07-31 21:36:14','2013-08-11 21:37:48',NULL),(52,31,'2012-08-31 21:55:32','2012-09-02 21:55:58',NULL),(53,31,'2012-06-30 21:55:32','2012-07-08 21:56:01',NULL),(54,31,'2013-02-28 22:55:32','2013-03-02 22:56:34',NULL),(55,32,'2014-03-31 18:41:42','2014-04-02 18:43:02',NULL),(56,32,'2014-01-31 19:41:42','2014-02-12 19:42:45',NULL),(57,33,'2012-03-30 17:27:43','2012-04-05 17:29:07',NULL),(58,34,'2013-08-28 20:49:56',NULL,NULL),(59,34,'2013-07-28 20:49:56','2013-08-04 20:50:00',NULL),(60,36,'2013-10-31 16:54:02','2013-11-06 16:54:36',NULL),(61,36,'2013-11-30 16:54:02','2013-12-10 16:55:02',NULL),(62,36,'2014-02-28 16:54:02','2014-03-03 16:54:50',NULL),(63,37,'2012-01-31 21:24:59','2012-02-03 21:26:07',NULL),(64,37,'2012-06-30 20:24:59','2012-07-10 20:25:47',NULL),(65,37,'2011-11-30 21:24:59','2011-12-03 21:26:52',NULL),(66,38,'2013-12-30 16:37:58','2014-01-05 16:39:16',NULL),(67,38,'2013-12-30 16:37:58','2013-12-30 16:38:17',NULL),(68,39,'2011-03-28 15:54:03','2011-04-07 15:54:43',NULL),(69,39,'2011-05-28 15:54:03',NULL,NULL),(70,39,'2011-04-28 15:54:03','2011-05-08 15:54:20',NULL),(71,40,'2013-07-31 18:35:41',NULL,NULL),(72,40,'2013-04-30 18:35:41','2013-05-12 18:36:19',NULL),(73,40,'2013-06-30 18:35:41','2013-07-04 18:36:22',NULL),(74,42,'2011-04-30 19:20:33','2011-05-03 19:21:50',NULL),(75,42,'2011-07-31 19:20:33','2011-08-04 19:21:51',NULL),(76,42,'2011-03-31 19:20:33','2011-04-13 19:20:50',NULL),(77,44,'2013-09-30 18:30:21','2013-10-10 18:32:14',NULL),(78,44,'2014-01-30 19:30:21','2014-02-02 19:30:26',NULL),(79,44,'2013-08-30 18:30:21','2013-09-10 18:31:01',NULL),(80,45,'2011-10-30 18:59:35','2011-11-04 19:01:07',NULL),(81,45,'2012-02-29 18:59:35','2012-03-09 19:00:55',NULL),(82,45,'2012-05-30 17:59:35','2012-06-09 17:59:35',NULL),(83,46,'2010-08-31 18:25:51','2010-09-13 18:27:30',NULL),(84,48,'2011-02-28 19:52:05','2011-03-09 19:53:12',NULL),(85,0,'2017-12-19 14:13:30','2013-05-07 21:07:19',NULL),(86,2,'2017-12-19 14:14:56',NULL,NULL),(87,2,'2018-01-02 09:15:39',NULL,1),(88,2,'2018-01-02 09:38:53',NULL,3),(89,2,'2018-01-02 09:39:53',NULL,4),(90,2,'2018-01-02 10:13:32',NULL,3),(91,2,'2018-01-02 10:21:02',NULL,2),(92,2,'2018-01-02 10:26:11',NULL,2),(93,2,'2018-01-02 10:27:09',NULL,4),(94,3,'2018-01-02 10:32:31',NULL,3),(95,3,'2018-01-02 13:24:24',NULL,3),(96,2,'2018-01-02 13:34:43',NULL,3),(97,2,'2018-01-02 13:35:39',NULL,4),(98,2,'2018-01-02 14:49:21',NULL,4),(99,2,'2018-01-02 14:56:37',NULL,3),(100,2,'2018-01-02 14:58:00',NULL,3),(101,59,'2018-01-16 10:03:18',NULL,3),(102,62,'2018-01-16 12:39:01',NULL,3);
/*!40000 ALTER TABLE `orders` ENABLE KEYS */;
UNLOCK TABLES;

--
-- Table structure for table `passwordreset`
--

DROP TABLE IF EXISTS `passwordreset`;
/*!40101 SET @saved_cs_client     = @@character_set_client */;
/*!40101 SET character_set_client = utf8 */;
CREATE TABLE `passwordreset` (
  `email` varchar(60) DEFAULT NULL,
  `resetcode` varchar(45) DEFAULT NULL,
  `resetted` datetime DEFAULT NULL
) ENGINE=InnoDB DEFAULT CHARSET=latin1;
/*!40101 SET character_set_client = @saved_cs_client */;

--
-- Dumping data for table `passwordreset`
--

LOCK TABLES `passwordreset` WRITE;
/*!40000 ALTER TABLE `passwordreset` DISABLE KEYS */;
INSERT INTO `passwordreset` VALUES ('jan.schulz@cileria.com','Y9OlJAJFucT7iPU7IvoH',NULL);
/*!40000 ALTER TABLE `passwordreset` ENABLE KEYS */;
UNLOCK TABLES;

--
-- Table structure for table `payment_method`
--

DROP TABLE IF EXISTS `payment_method`;
/*!40101 SET @saved_cs_client     = @@character_set_client */;
/*!40101 SET character_set_client = utf8 */;
CREATE TABLE `payment_method` (
  `id` int(11) NOT NULL AUTO_INCREMENT,
  `name` varchar(45) DEFAULT NULL,
  PRIMARY KEY (`id`)
) ENGINE=InnoDB AUTO_INCREMENT=5 DEFAULT CHARSET=latin1;
/*!40101 SET character_set_client = @saved_cs_client */;

--
-- Dumping data for table `payment_method`
--

LOCK TABLES `payment_method` WRITE;
/*!40000 ALTER TABLE `payment_method` DISABLE KEYS */;
INSERT INTO `payment_method` VALUES (1,'Bitcoin'),(2,'PayPal'),(3,'SEPA'),(4,'VISA');
/*!40000 ALTER TABLE `payment_method` ENABLE KEYS */;
UNLOCK TABLES;

--
-- Table structure for table `product_categories`
--

DROP TABLE IF EXISTS `product_categories`;
/*!40101 SET @saved_cs_client     = @@character_set_client */;
/*!40101 SET character_set_client = utf8 */;
CREATE TABLE `product_categories` (
  `id` int(11) NOT NULL,
  `name` varchar(45) DEFAULT NULL,
  PRIMARY KEY (`id`)
) ENGINE=InnoDB DEFAULT CHARSET=latin1;
/*!40101 SET character_set_client = @saved_cs_client */;

--
-- Dumping data for table `product_categories`
--

LOCK TABLES `product_categories` WRITE;
/*!40000 ALTER TABLE `product_categories` DISABLE KEYS */;
INSERT INTO `product_categories` VALUES (0,'PC'),(1,'Laptop'),(2,'Mac'),(3,'Smartphone');
/*!40000 ALTER TABLE `product_categories` ENABLE KEYS */;
UNLOCK TABLES;

--
-- Table structure for table `products`
--

DROP TABLE IF EXISTS `products`;
/*!40101 SET @saved_cs_client     = @@character_set_client */;
/*!40101 SET character_set_client = utf8 */;
CREATE TABLE `products` (
  `id` int(11) NOT NULL,
  `name` varchar(45) NOT NULL,
  `price` int(11) NOT NULL,
  `category_id` int(11) NOT NULL,
  `description` varchar(1024) DEFAULT NULL,
  PRIMARY KEY (`id`)
) ENGINE=InnoDB DEFAULT CHARSET=latin1;
/*!40101 SET character_set_client = @saved_cs_client */;

--
-- Dumping data for table `products`
--

LOCK TABLES `products` WRITE;
/*!40000 ALTER TABLE `products` DISABLE KEYS */;
INSERT INTO `products` VALUES (0,'Dell 1000',500,0,'enter description here'),(1,'Dell 2000',600,0,'enter description here'),(2,'Dell 3000',700,0,'enter description here'),(3,'Dell 4000',800,0,'enter description here'),(4,'HP Workstation 1',350,0,'enter description here'),(5,'HP Workstation 2',450,0,'enter description here'),(6,'HP Workstation 3',550,0,'enter description here'),(7,'HP Workstation 4',650,0,'enter description here'),(8,'HP Probook 1100',450,1,'enter description here'),(9,'HP Probook 2100',550,1,'enter description here'),(10,'HP Probook 3100',650,1,'enter description here'),(11,'HP Probook 4100',750,1,'enter description here'),(12,'Sony Vaio x1',750,1,'enter description here'),(13,'Sony Vaio x2',850,1,'enter description here'),(14,'Sony Vaio x3',950,1,'enter description here'),(15,'Sony Vaio x4',1050,1,'enter description here'),(16,'MacBook Pro 1',1150,2,'enter description here'),(17,'MacBook Pro 2',1250,2,'enter description here'),(18,'MacBook Pro 3',1350,2,'enter description here'),(19,'MacBook Pro 4',1450,2,'enter description here'),(20,'MacBook Pro 5',1550,2,'enter description here'),(21,'MacBook Pro 6',1650,2,'enter description here'),(22,'MacBook Pro 7',1750,2,'enter description here'),(23,'MacBook Pro 8',1850,2,'enter description here'),(24,'Samsung S6',600,3,'enter description here'),(25,'Samsung S6',700,3,'enter description here'),(26,'Samsung S6',800,3,'enter description here'),(27,'IPhone 10',1000,3,'enter description here'),(28,'IPhone 11',1100,3,'enter description here'),(29,'IPhone 12',1200,3,'enter description here');
/*!40000 ALTER TABLE `products` ENABLE KEYS */;
UNLOCK TABLES;
/*!40103 SET TIME_ZONE=@OLD_TIME_ZONE */;

/*!40101 SET SQL_MODE=@OLD_SQL_MODE */;
/*!40014 SET FOREIGN_KEY_CHECKS=@OLD_FOREIGN_KEY_CHECKS */;
/*!40014 SET UNIQUE_CHECKS=@OLD_UNIQUE_CHECKS */;
/*!40101 SET CHARACTER_SET_CLIENT=@OLD_CHARACTER_SET_CLIENT */;
/*!40101 SET CHARACTER_SET_RESULTS=@OLD_CHARACTER_SET_RESULTS */;
/*!40101 SET COLLATION_CONNECTION=@OLD_COLLATION_CONNECTION */;
/*!40111 SET SQL_NOTES=@OLD_SQL_NOTES */;

-- Dump completed on 2018-01-16 23:36:37
